[{"model": "admin.logentry", "pk": 1, "fields": {"action_time": "2021-10-31T08:16:05.707Z", "user": 1, "content_type": 8, "object_id": "1", "object_repr": "61208f7287ac234051466117ce7018d60d6569b6", "action_flag": 1, "change_message": "[{\"added\": {}}]"}}, {"model": "admin.logentry", "pk": 2, "fields": {"action_time": "2021-10-31T13:59:40.507Z", "user": 1, "content_type": 9, "object_id": "1", "object_repr": "admin", "action_flag": 1, "change_message": "[{\"added\": {}}]"}}, {"model": "admin.logentry", "pk": 3, "fields": {"action_time": "2021-10-31T13:59:48.111Z", "user": 1, "content_type": 9, "object_id": "1", "object_repr": "admin", "action_flag": 2, "change_message": "[{\"changed\": {\"fields\": [\"Image\"]}}]"}}, {"model": "admin.logentry", "pk": 4, "fields": {"action_time": "2021-10-31T13:59:59.050Z", "user": 1, "content_type": 9, "object_id": "1", "object_repr": "admin", "action_flag": 3, "change_message": ""}}, {"model": "admin.logentry", "pk": 5, "fields": {"action_time": "2021-10-31T14:00:06.815Z", "user": 1, "content_type": 9, "object_id": "2", "object_repr": "admin", "action_flag": 1, "change_message": "[{\"added\": {}}]"}}, {"model": "admin.logentry", "pk": 6, "fields": {"action_time": "2021-10-31T14:00:52.583Z", "user": 1, "content_type": 11, "object_id": "1", "object_repr": "Samsung", "action_flag": 1, "change_message": "[{\"added\": {}}]"}}, {"model": "admin.logentry", "pk": 7, "fields": {"action_time": "2021-10-31T14:01:12.408Z", "user": 1, "content_type": 11, "object_id": "2", "object_repr": "Xioami", "action_flag": 1, "change_message": "[{\"added\": {}}]"}}, {"model": "admin.logentry", "pk": 8, "fields": {"action_time": "2021-10-31T14:01:39.223Z", "user": 1, "content_type": 11, "object_id": "3", "object_repr": "Oneplus", "action_flag": 1, "change_message": "[{\"added\": {}}]"}}, {"model": "admin.logentry", "pk": 9, "fields": {"action_time": "2021-10-31T14:09:45.984Z", "user": 1, "content_type": 10, "object_id": "1", "object_repr": "Samsung 1", "action_flag": 1, "change_message": "[{\"added\": {}}]"}}, {"model": "admin.logentry", "pk": 10, "fields": {"action_time": "2021-10-31T14:10:12.026Z", "user": 1, "content_type": 10, "object_id": "2", "object_repr": "Samsung 2", "action_flag": 1, "change_message": "[{\"added\": {}}]"}}, {"model": "admin.logentry", "pk": 11, "fields": {"action_time": "2021-10-31T14:10:37.048Z", "user": 1, "content_type": 10, "object_id": "3", "object_repr": "Samsung 3", "action_flag": 1, "change_message": "[{\"added\": {}}]"}}, {"model": "admin.logentry", "pk": 12, "fields": {"action_time": "2021-10-31T14:11:05.491Z", "user": 1, "content_type": 10, "object_id": "4", "object_repr": "Samsung 4", "action_flag": 1, "change_message": "[{\"added\": {}}]"}}, {"model": "admin.logentry", "pk": 13, "fields": {"action_time": "2021-10-31T14:11:46.587Z", "user": 1, "content_type": 10, "object_id": "5", "object_repr": "Samsung 5", "action_flag": 1, "change_message": "[{\"added\": {}}]"}}, {"model": "admin.logentry", "pk": 14, "fields": {"action_time": "2021-10-31T14:12:17.524Z", "user": 1, "content_type": 10, "object_id": "6", "object_repr": "Samsung 6", "action_flag": 1, "change_message": "[{\"added\": {}}]"}}, {"model": "admin.logentry", "pk": 15, "fields": {"action_time": "2021-10-31T14:12:45.730Z", "user": 1, "content_type": 10, "object_id": "7", "object_repr": "Samsung 7", "action_flag": 1, "change_message": "[{\"added\": {}}]"}}, {"model": "admin.logentry", "pk": 16, "fields": {"action_time": "2021-10-31T14:13:11.855Z", "user": 1, "content_type": 10, "object_id": "8", "object_repr": "Samsung 8", "action_flag": 1, "change_message": "[{\"added\": {}}]"}}, {"model": "admin.logentry", "pk": 17, "fields": {"action_time": "2021-10-31T14:13:35.454Z", "user": 1, "content_type": 10, "object_id": "9", "object_repr": "Samsung 9", "action_flag": 1, "change_message": "[{\"added\": {}}]"}}, {"model": "admin.logentry", "pk": 18, "fields": {"action_time": "2021-10-31T14:14:08.458Z", "user": 1, "content_type": 10, "object_id": "10", "object_repr": "Samsung 10", "action_flag": 1, "change_message": "[{\"added\": {}}]"}}, {"model": "admin.logentry", "pk": 19, "fields": {"action_time": "2021-11-01T14:47:22.707Z", "user": 1, "content_type": 12, "object_id": "1", "object_repr": "Cart object (1)", "action_flag": 1, "change_message": "[{\"added\": {}}]"}}, {"model": "admin.logentry", "pk": 20, "fields": {"action_time": "2021-11-01T14:48:02.829Z", "user": 1, "content_type": 13, "object_id": "1", "object_repr": "Cart==1<==>CartProduct:1==Quantity==2", "action_flag": 1, "change_message": "[{\"added\": {}}]"}}, {"model": "admin.logentry", "pk": 21, "fields": {"action_time": "2021-11-01T14:48:26.039Z", "user": 1, "content_type": 13, "object_id": "2", "object_repr": "Cart==1<==>CartProduct:2==Quantity==2", "action_flag": 1, "change_message": "[{\"added\": {}}]"}}, {"model": "admin.logentry", "pk": 22, "fields": {"action_time": "2021-11-01T14:52:32.175Z", "user": 1, "content_type": 12, "object_id": "1", "object_repr": "Cart id==1==Complete==False", "action_flag": 2, "change_message": "[{\"changed\": {\"fields\": [\"Total\"]}}]"}}, {"model": "admin.logentry", "pk": 23, "fields": {"action_time": "2021-11-01T14:53:14.758Z", "user": 1, "content_type": 12, "object_id": "2", "object_repr": "Cart id==2==Complete==True", "action_flag": 1, "change_message": "[{\"added\": {}}]"}}, {"model": "admin.logentry", "pk": 24, "fields": {"action_time": "2021-11-01T14:53:50.297Z", "user": 1, "content_type": 12, "object_id": "2", "object_repr": "Cart id==2==Complete==False", "action_flag": 2, "change_message": "[{\"changed\": {\"fields\": [\"Complete\"]}}]"}}, {"model": "admin.logentry", "pk": 25, "fields": {"action_time": "2021-11-01T14:53:58.496Z", "user": 1, "content_type": 12, "object_id": "1", "object_repr": "Cart id==1==Complete==True", "action_flag": 2, "change_message": "[{\"changed\": {\"fields\": [\"Complete\"]}}]"}}, {"model": "admin.logentry", "pk": 26, "fields": {"action_time": "2021-11-01T14:56:38.194Z", "user": 1, "content_type": 14, "object_id": "1", "object_repr": "Order object (1)", "action_flag": 1, "change_message": "[{\"added\": {}}]"}}, {"model": "admin.logentry", "pk": 27, "fields": {"action_time": "2021-11-01T14:59:26.759Z", "user": 1, "content_type": 13, "object_id": "3", "object_repr": "Cart==2<==>CartProduct:3==Quantity==3", "action_flag": 1, "change_message": "[{\"added\": {}}]"}}, {"model": "admin.logentry", "pk": 28, "fields": {"action_time": "2021-11-01T14:59:46.197Z", "user": 1, "content_type": 13, "object_id": "4", "object_repr": "Cart==2<==>CartProduct:4==Quantity==4", "action_flag": 1, "change_message": "[{\"added\": {}}]"}}, {"model": "admin.logentry", "pk": 29, "fields": {"action_time": "2021-11-01T16:25:11.893Z", "user": 1, "content_type": 10, "object_id": "10", "object_repr": "Xiaomi 10", "action_flag": 2, "change_message": "[{\"changed\": {\"fields\": [\"Title\", \"Category\"]}}]"}}, {"model": "admin.logentry", "pk": 30, "fields": {"action_time": "2021-11-03T06:15:07.852Z", "user": 1, "content_type": 11, "object_id": "3", "object_repr": "iphone", "action_flag": 2, "change_message": "[{\"changed\": {\"fields\": [\"Title\"]}}]"}}, {"model": "admin.logentry", "pk": 31, "fields": {"action_time": "2021-11-03T06:20:19.958Z", "user": 1, "content_type": 10, "object_id": "11", "object_repr": "Xiaomi 1", "action_flag": 1, "change_message": "[{\"added\": {}}]"}}, {"model": "admin.logentry", "pk": 32, "fields": {"action_time": "2021-11-03T06:20:46.728Z", "user": 1, "content_type": 10, "object_id": "12", "object_repr": "Xiaomi 2", "action_flag": 1, "change_message": "[{\"added\": {}}]"}}, {"model": "admin.logentry", "pk": 33, "fields": {"action_time": "2021-11-03T06:21:08.901Z", "user": 1, "content_type": 10, "object_id": "13", "object_repr": "Xiaomi 3", "action_flag": 1, "change_message": "[{\"added\": {}}]"}}, {"model": "admin.logentry", "pk": 34, "fields": {"action_time": "2021-11-03T06:21:37.134Z", "user": 1, "content_type": 10, "object_id": "14", "object_repr": "Xiaomi 4", "action_flag": 1, "change_message": "[{\"added\": {}}]"}}, {"model": "admin.logentry", "pk": 35, "fields": {"action_time": "2021-11-03T06:22:05.227Z", "user": 1, "content_type": 10, "object_id": "15", "object_repr": "Xiaomi 5", "action_flag": 1, "change_message": "[{\"added\": {}}]"}}, {"model": "admin.logentry", "pk": 36, "fields": {"action_time": "2021-11-03T06:22:29.839Z", "user": 1, "content_type": 10, "object_id": "16", "object_repr": "Xiaomi 6", "action_flag": 1, "change_message": "[{\"added\": {}}]"}}, {"model": "admin.logentry", "pk": 37, "fields": {"action_time": "2021-11-03T06:23:09.288Z", "user": 1, "content_type": 10, "object_id": "17", "object_repr": "Iphone 6", "action_flag": 1, "change_message": "[{\"added\": {}}]"}}, {"model": "admin.logentry", "pk": 38, "fields": {"action_time": "2021-11-03T06:23:32.264Z", "user": 1, "content_type": 10, "object_id": "18", "object_repr": "Iphone 11", "action_flag": 1, "change_message": "[{\"added\": {}}]"}}, {"model": "admin.logentry", "pk": 39, "fields": {"action_time": "2021-11-03T06:23:53.952Z", "user": 1, "content_type": 10, "object_id": "19", "object_repr": "Iphone 4", "action_flag": 1, "change_message": "[{\"added\": {}}]"}}, {"model": "admin.logentry", "pk": 40, "fields": {"action_time": "2021-11-03T06:24:12.229Z", "user": 1, "content_type": 10, "object_id": "20", "object_repr": "Iphone X", "action_flag": 1, "change_message": "[{\"added\": {}}]"}}, {"model": "admin.logentry", "pk": 41, "fields": {"action_time": "2021-11-03T06:24:36.543Z", "user": 1, "content_type": 10, "object_id": "21", "object_repr": "Iphone 11 Gaming", "action_flag": 1, "change_message": "[{\"added\": {}}]"}}, {"model": "admin.logentry", "pk": 42, "fields": {"action_time": "2021-11-06T08:02:58.958Z", "user": 1, "content_type": 4, "object_id": "1", "object_repr": "admin", "action_flag": 2, "change_message": "[{\"changed\": {\"fields\": [\"First name\", \"Last name\"]}}]"}}, {"model": "admin.logentry", "pk": 43, "fields": {"action_time": "2021-11-09T15:21:15.632Z", "user": 1, "content_type": 12, "object_id": "2", "object_repr": "Cart id==2==Complete==False", "action_flag": 2, "change_message": "[{\"changed\": {\"fields\": [\"Total\"]}}]"}}, {"model": "admin.logentry", "pk": 44, "fields": {"action_time": "2021-11-17T10:01:16.650Z", "user": 1, "content_type": 12, "object_id": "2", "object_repr": "Cart id==2==Complete==False", "action_flag": 3, "change_message": ""}}, {"model": "admin.logentry", "pk": 45, "fields": {"action_time": "2021-11-17T12:16:12.544Z", "user": 1, "content_type": 12, "object_id": "3", "object_repr": "Cart id==3==Complete==False", "action_flag": 3, "change_message": ""}}, {"model": "admin.logentry", "pk": 46, "fields": {"action_time": "2021-12-21T14:46:37.630Z", "user": 1, "content_type": 10, "object_id": "22", "object_repr": "Samsung Galaxy Fold", "action_flag": 3, "change_message": ""}}, {"model": "admin.logentry", "pk": 47, "fields": {"action_time": "2021-12-21T14:56:36.182Z", "user": 1, "content_type": 10, "object_id": "24", "object_repr": "Samsung Galaxy Fold", "action_flag": 3, "change_message": ""}}, {"model": "admin.logentry", "pk": 48, "fields": {"action_time": "2021-12-21T14:56:37.364Z", "user": 1, "content_type": 10, "object_id": "23", "object_repr": "Samsung Galaxy Fold", "action_flag": 3, "change_message": ""}}, {"model": "admin.logentry", "pk": 49, "fields": {"action_time": "2021-12-21T15:26:36.676Z", "user": 1, "content_type": 10, "object_id": "25", "object_repr": "Samsung Galaxy Fold", "action_flag": 3, "change_message": ""}}, {"model": "admin.logentry", "pk": 50, "fields": {"action_time": "2021-12-21T15:51:38.623Z", "user": 1, "content_type": 10, "object_id": "26", "object_repr": "Phone", "action_flag": 3, "change_message": ""}}, {"model": "admin.logentry", "pk": 51, "fields": {"action_time": "2021-12-21T15:53:24.025Z", "user": 1, "content_type": 10, "object_id": "27", "object_repr": "Samsung Phone", "action_flag": 3, "change_message": ""}}, {"model": "admin.logentry", "pk": 52, "fields": {"action_time": "2021-12-21T15:57:22.470Z", "user": 1, "content_type": 10, "object_id": "28", "object_repr": "Galaxy Fold", "action_flag": 3, "change_message": ""}}, {"model": "admin.logentry", "pk": 53, "fields": {"action_time": "2021-12-21T16:13:24.548Z", "user": 1, "content_type": 10, "object_id": "29", "object_repr": "Phone", "action_flag": 3, "change_message": ""}}, {"model": "admin.logentry", "pk": 54, "fields": {"action_time": "2021-12-21T16:32:45.080Z", "user": 1, "content_type": 10, "object_id": "30", "object_repr": "Samsung Phone", "action_flag": 3, "change_message": ""}}, {"model": "admin.logentry", "pk": 55, "fields": {"action_time": "2021-12-21T16:52:20.880Z", "user": 1, "content_type": 10, "object_id": "21", "object_repr": "Iphone 11 Gaming", "action_flag": 2, "change_message": "[{\"changed\": {\"fields\": [\"Category\"]}}]"}}, {"model": "admin.logentry", "pk": 56, "fields": {"action_time": "2021-12-21T16:52:33.942Z", "user": 1, "content_type": 10, "object_id": "20", "object_repr": "Iphone X", "action_flag": 3, "change_message": ""}}, {"model": "admin.logentry", "pk": 57, "fields": {"action_time": "2021-12-21T16:52:40.334Z", "user": 1, "content_type": 10, "object_id": "19", "object_repr": "Iphone 4", "action_flag": 2, "change_message": "[{\"changed\": {\"fields\": [\"Category\"]}}]"}}, {"model": "admin.logentry", "pk": 58, "fields": {"action_time": "2021-12-21T16:52:46.558Z", "user": 1, "content_type": 10, "object_id": "18", "object_repr": "Iphone 11", "action_flag": 2, "change_message": "[{\"changed\": {\"fields\": [\"Category\"]}}]"}}, {"model": "admin.logentry", "pk": 59, "fields": {"action_time": "2021-12-21T16:52:53.784Z", "user": 1, "content_type": 10, "object_id": "17", "object_repr": "Iphone 6", "action_flag": 2, "change_message": "[{\"changed\": {\"fields\": [\"Category\"]}}]"}}, {"model": "admin.logentry", "pk": 60, "fields": {"action_time": "2021-12-21T16:53:01.045Z", "user": 1, "content_type": 10, "object_id": "16", "object_repr": "Xiaomi 6", "action_flag": 2, "change_message": "[{\"changed\": {\"fields\": [\"Category\"]}}]"}}, {"model": "admin.logentry", "pk": 61, "fields": {"action_time": "2021-12-21T16:53:07.604Z", "user": 1, "content_type": 10, "object_id": "15", "object_repr": "Xiaomi 5", "action_flag": 2, "change_message": "[{\"changed\": {\"fields\": [\"Category\"]}}]"}}, {"model": "admin.logentry", "pk": 62, "fields": {"action_time": "2021-12-21T16:53:14.750Z", "user": 1, "content_type": 10, "object_id": "14", "object_repr": "Xiaomi 4", "action_flag": 2, "change_message": "[{\"changed\": {\"fields\": [\"Category\"]}}]"}}, {"model": "admin.logentry", "pk": 63, "fields": {"action_time": "2021-12-21T16:53:21.982Z", "user": 1, "content_type": 10, "object_id": "13", "object_repr": "Xiaomi 3", "action_flag": 2, "change_message": "[{\"changed\": {\"fields\": [\"Category\"]}}]"}}, {"model": "admin.logentry", "pk": 64, "fields": {"action_time": "2021-12-21T16:53:29.190Z", "user": 1, "content_type": 10, "object_id": "12", "object_repr": "Xiaomi 2", "action_flag": 2, "change_message": "[{\"changed\": {\"fields\": [\"Category\"]}}]"}}, {"model": "admin.logentry", "pk": 65, "fields": {"action_time": "2021-12-21T16:53:36.356Z", "user": 1, "content_type": 10, "object_id": "11", "object_repr": "Xiaomi 1", "action_flag": 2, "change_message": "[{\"changed\": {\"fields\": [\"Category\"]}}]"}}, {"model": "admin.logentry", "pk": 66, "fields": {"action_time": "2021-12-21T16:53:43.834Z", "user": 1, "content_type": 10, "object_id": "10", "object_repr": "Xiaomi 10", "action_flag": 2, "change_message": "[{\"changed\": {\"fields\": [\"Category\"]}}]"}}, {"model": "admin.logentry", "pk": 67, "fields": {"action_time": "2021-12-22T07:22:48.308Z", "user": 1, "content_type": 10, "object_id": "14", "object_repr": "Xiaomi 4", "action_flag": 2, "change_message": "[{\"changed\": {\"fields\": [\"Category\"]}}]"}}, {"model": "admin.logentry", "pk": 68, "fields": {"action_time": "2021-12-22T07:29:17.015Z", "user": 1, "content_type": 10, "object_id": "21", "object_repr": "Iphone 11 Gaming", "action_flag": 2, "change_message": "[{\"changed\": {\"fields\": [\"Category\"]}}]"}}, {"model": "admin.logentry", "pk": 69, "fields": {"action_time": "2021-12-22T07:29:22.932Z", "user": 1, "content_type": 10, "object_id": "19", "object_repr": "Iphone 4", "action_flag": 2, "change_message": "[{\"changed\": {\"fields\": [\"Category\"]}}]"}}, {"model": "admin.logentry", "pk": 70, "fields": {"action_time": "2021-12-22T07:29:29.660Z", "user": 1, "content_type": 10, "object_id": "18", "object_repr": "Iphone 11", "action_flag": 2, "change_message": "[{\"changed\": {\"fields\": [\"Category\"]}}]"}}, {"model": "admin.logentry", "pk": 71, "fields": {"action_time": "2021-12-22T07:29:36.277Z", "user": 1, "content_type": 10, "object_id": "17", "object_repr": "Iphone 6", "action_flag": 2, "change_message": "[{\"changed\": {\"fields\": [\"Category\"]}}]"}}, {"model": "admin.logentry", "pk": 72, "fields": {"action_time": "2021-12-22T07:29:45.156Z", "user": 1, "content_type": 10, "object_id": "16", "object_repr": "Xiaomi 6", "action_flag": 2, "change_message": "[{\"changed\": {\"fields\": [\"Category\"]}}]"}}, {"model": "admin.logentry", "pk": 73, "fields": {"action_time": "2021-12-22T07:29:54.030Z", "user": 1, "content_type": 10, "object_id": "15", "object_repr": "Xiaomi 5", "action_flag": 2, "change_message": "[{\"changed\": {\"fields\": [\"Category\"]}}]"}}, {"model": "admin.logentry", "pk": 74, "fields": {"action_time": "2021-12-22T07:31:05.116Z", "user": 1, "content_type": 10, "object_id": "13", "object_repr": "Xiaomi 3", "action_flag": 2, "change_message": "[{\"changed\": {\"fields\": [\"Category\"]}}]"}}, {"model": "admin.logentry", "pk": 75, "fields": {"action_time": "2021-12-22T07:31:12.516Z", "user": 1, "content_type": 10, "object_id": "12", "object_repr": "Xiaomi 2", "action_flag": 2, "change_message": "[{\"changed\": {\"fields\": [\"Category\"]}}]"}}, {"model": "admin.logentry", "pk": 76, "fields": {"action_time": "2021-12-22T07:31:19.044Z", "user": 1, "content_type": 10, "object_id": "11", "object_repr": "Xiaomi 1", "action_flag": 2, "change_message": "[{\"changed\": {\"fields\": [\"Category\"]}}]"}}, {"model": "admin.logentry", "pk": 77, "fields": {"action_time": "2021-12-22T07:31:25.630Z", "user": 1, "content_type": 10, "object_id": "10", "object_repr": "Xiaomi 10", "action_flag": 2, "change_message": "[{\"changed\": {\"fields\": [\"Category\"]}}]"}}, {"model": "admin.logentry", "pk": 78, "fields": {"action_time": "2021-12-22T07:31:33.195Z", "user": 1, "content_type": 10, "object_id": "9", "object_repr": "Samsung 9", "action_flag": 2, "change_message": "[{\"changed\": {\"fields\": [\"Category\"]}}]"}}, {"model": "admin.logentry", "pk": 79, "fields": {"action_time": "2021-12-22T07:31:43.804Z", "user": 1, "content_type": 10, "object_id": "8", "object_repr": "Samsung 8", "action_flag": 2, "change_message": "[{\"changed\": {\"fields\": [\"Category\"]}}]"}}, {"model": "admin.logentry", "pk": 80, "fields": {"action_time": "2021-12-22T07:31:50.925Z", "user": 1, "content_type": 10, "object_id": "7", "object_repr": "Samsung 7", "action_flag": 2, "change_message": "[{\"changed\": {\"fields\": [\"Category\"]}}]"}}, {"model": "admin.logentry", "pk": 81, "fields": {"action_time": "2021-12-22T07:32:00.707Z", "user": 1, "content_type": 10, "object_id": "6", "object_repr": "Samsung 6", "action_flag": 2, "change_message": "[{\"changed\": {\"fields\": [\"Category\"]}}]"}}, {"model": "admin.logentry", "pk": 82, "fields": {"action_time": "2021-12-22T07:32:09.365Z", "user": 1, "content_type": 10, "object_id": "5", "object_repr": "Samsung 5", "action_flag": 2, "change_message": "[{\"changed\": {\"fields\": [\"Category\"]}}]"}}, {"model": "admin.logentry", "pk": 83, "fields": {"action_time": "2021-12-22T07:32:18.367Z", "user": 1, "content_type": 10, "object_id": "4", "object_repr": "Samsung 4", "action_flag": 2, "change_message": "[{\"changed\": {\"fields\": [\"Category\"]}}]"}}, {"model": "admin.logentry", "pk": 84, "fields": {"action_time": "2021-12-22T07:32:27.859Z", "user": 1, "content_type": 10, "object_id": "3", "object_repr": "Samsung 3", "action_flag": 2, "change_message": "[{\"changed\": {\"fields\": [\"Category\"]}}]"}}, {"model": "admin.logentry", "pk": 85, "fields": {"action_time": "2021-12-22T07:32:35.078Z", "user": 1, "content_type": 10, "object_id": "2", "object_repr": "Samsung 2", "action_flag": 2, "change_message": "[{\"changed\": {\"fields\": [\"Category\"]}}]"}}, {"model": "admin.logentry", "pk": 86, "fields": {"action_time": "2021-12-22T07:32:42.300Z", "user": 1, "content_type": 10, "object_id": "1", "object_repr": "Samsung 1", "action_flag": 2, "change_message": "[{\"changed\": {\"fields\": [\"Category\"]}}]"}}, {"model": "admin.logentry", "pk": 87, "fields": {"action_time": "2021-12-22T07:36:47.667Z", "user": 1, "content_type": 10, "object_id": "34", "object_repr": "Xiomi", "action_flag": 3, "change_message": ""}}, {"model": "admin.logentry", "pk": 88, "fields": {"action_time": "2021-12-22T07:36:47.929Z", "user": 1, "content_type": 10, "object_id": "33", "object_repr": "OnePlus 6", "action_flag": 3, "change_message": ""}}, {"model": "admin.logentry", "pk": 89, "fields": {"action_time": "2021-12-22T07:36:48.207Z", "user": 1, "content_type": 10, "object_id": "32", "object_repr": "Testing", "action_flag": 3, "change_message": ""}}, {"model": "admin.logentry", "pk": 90, "fields": {"action_time": "2021-12-22T07:36:48.433Z", "user": 1, "content_type": 10, "object_id": "31", "object_repr": "Samsung Galaxy Fold", "action_flag": 3, "change_message": ""}}, {"model": "admin.logentry", "pk": 91, "fields": {"action_time": "2021-12-22T07:47:07.084Z", "user": 1, "content_type": 10, "object_id": "37", "object_repr": "Testing Phone", "action_flag": 3, "change_message": ""}}, {"model": "admin.logentry", "pk": 92, "fields": {"action_time": "2021-12-22T07:47:07.260Z", "user": 1, "content_type": 10, "object_id": "36", "object_repr": "Testing Phone", "action_flag": 3, "change_message": ""}}, {"model": "admin.logentry", "pk": 93, "fields": {"action_time": "2021-12-22T07:47:07.411Z", "user": 1, "content_type": 10, "object_id": "35", "object_repr": "Testing Phone", "action_flag": 3, "change_message": ""}}, {"model": "admin.logentry", "pk": 94, "fields": {"action_time": "2021-12-22T08:09:48.585Z", "user": 1, "content_type": 10, "object_id": "40", "object_repr": "Iphone", "action_flag": 3, "change_message": ""}}, {"model": "admin.logentry", "pk": 95, "fields": {"action_time": "2021-12-22T08:09:48.795Z", "user": 1, "content_type": 10, "object_id": "39", "object_repr": "Iphone", "action_flag": 3, "change_message": ""}}, {"model": "admin.logentry", "pk": 96, "fields": {"action_time": "2021-12-22T08:09:48.953Z", "user": 1, "content_type": 10, "object_id": "38", "object_repr": "Iphone", "action_flag": 3, "change_message": ""}}, {"model": "admin.logentry", "pk": 97, "fields": {"action_time": "2021-12-22T08:10:47.662Z", "user": 1, "content_type": 10, "object_id": "21", "object_repr": "Iphone 11 Gaming", "action_flag": 2, "change_message": "[{\"changed\": {\"fields\": [\"Category\"]}}]"}}, {"model": "admin.logentry", "pk": 98, "fields": {"action_time": "2021-12-22T08:10:54.893Z", "user": 1, "content_type": 10, "object_id": "19", "object_repr": "Iphone 4", "action_flag": 2, "change_message": "[{\"changed\": {\"fields\": [\"Category\"]}}]"}}, {"model": "admin.logentry", "pk": 99, "fields": {"action_time": "2021-12-22T08:11:08.320Z", "user": 1, "content_type": 10, "object_id": "7", "object_repr": "Samsung 7", "action_flag": 2, "change_message": "[{\"changed\": {\"fields\": [\"Category\"]}}]"}}, {"model": "admin.logentry", "pk": 100, "fields": {"action_time": "2021-12-22T08:11:18.388Z", "user": 1, "content_type": 10, "object_id": "9", "object_repr": "Samsung 9", "action_flag": 2, "change_message": "[{\"changed\": {\"fields\": [\"Category\"]}}]"}}, {"model": "admin.logentry", "pk": 101, "fields": {"action_time": "2021-12-22T08:12:36.502Z", "user": 1, "content_type": 10, "object_id": "41", "object_repr": "Xiomi", "action_flag": 3, "change_message": ""}}, {"model": "admin.logentry", "pk": 102, "fields": {"action_time": "2021-12-22T08:14:07.362Z", "user": 1, "content_type": 10, "object_id": "18", "object_repr": "Iphone 11", "action_flag": 2, "change_message": "[{\"changed\": {\"fields\": [\"Category\"]}}]"}}, {"model": "admin.logentry", "pk": 103, "fields": {"action_time": "2021-12-22T08:14:14.271Z", "user": 1, "content_type": 10, "object_id": "17", "object_repr": "Iphone 6", "action_flag": 2, "change_message": "[{\"changed\": {\"fields\": [\"Category\"]}}]"}}, {"model": "admin.logentry", "pk": 104, "fields": {"action_time": "2021-12-22T08:14:30.138Z", "user": 1, "content_type": 10, "object_id": "16", "object_repr": "Xiaomi 6", "action_flag": 2, "change_message": "[{\"changed\": {\"fields\": [\"Category\"]}}]"}}, {"model": "admin.logentry", "pk": 105, "fields": {"action_time": "2021-12-22T08:14:35.084Z", "user": 1, "content_type": 10, "object_id": "15", "object_repr": "Xiaomi 5", "action_flag": 2, "change_message": "[{\"changed\": {\"fields\": [\"Category\"]}}]"}}, {"model": "admin.logentry", "pk": 106, "fields": {"action_time": "2021-12-22T08:14:41.579Z", "user": 1, "content_type": 10, "object_id": "14", "object_repr": "Xiaomi 4", "action_flag": 2, "change_message": "[{\"changed\": {\"fields\": [\"Category\"]}}]"}}, {"model": "admin.logentry", "pk": 107, "fields": {"action_time": "2021-12-22T08:14:47.436Z", "user": 1, "content_type": 10, "object_id": "13", "object_repr": "Xiaomi 3", "action_flag": 2, "change_message": "[{\"changed\": {\"fields\": [\"Category\"]}}]"}}, {"model": "admin.logentry", "pk": 108, "fields": {"action_time": "2021-12-22T08:14:52.899Z", "user": 1, "content_type": 10, "object_id": "12", "object_repr": "Xiaomi 2", "action_flag": 2, "change_message": "[{\"changed\": {\"fields\": [\"Category\"]}}]"}}, {"model": "admin.logentry", "pk": 109, "fields": {"action_time": "2021-12-22T08:14:58.067Z", "user": 1, "content_type": 10, "object_id": "11", "object_repr": "Xiaomi 1", "action_flag": 2, "change_message": "[{\"changed\": {\"fields\": [\"Category\"]}}]"}}, {"model": "admin.logentry", "pk": 110, "fields": {"action_time": "2021-12-22T08:15:04.882Z", "user": 1, "content_type": 10, "object_id": "10", "object_repr": "Xiaomi 10", "action_flag": 2, "change_message": "[{\"changed\": {\"fields\": [\"Category\"]}}]"}}, {"model": "admin.logentry", "pk": 111, "fields": {"action_time": "2021-12-22T08:15:20.380Z", "user": 1, "content_type": 10, "object_id": "8", "object_repr": "Samsung 8", "action_flag": 2, "change_message": "[{\"changed\": {\"fields\": [\"Category\"]}}]"}}, {"model": "admin.logentry", "pk": 112, "fields": {"action_time": "2021-12-22T08:15:30.209Z", "user": 1, "content_type": 10, "object_id": "7", "object_repr": "Samsung 7", "action_flag": 2, "change_message": "[]"}}, {"model": "admin.logentry", "pk": 113, "fields": {"action_time": "2021-12-22T08:15:35.587Z", "user": 1, "content_type": 10, "object_id": "6", "object_repr": "Samsung 6", "action_flag": 2, "change_message": "[{\"changed\": {\"fields\": [\"Category\"]}}]"}}, {"model": "admin.logentry", "pk": 114, "fields": {"action_time": "2021-12-22T08:15:43.219Z", "user": 1, "content_type": 10, "object_id": "5", "object_repr": "Samsung 5", "action_flag": 2, "change_message": "[{\"changed\": {\"fields\": [\"Category\"]}}]"}}, {"model": "admin.logentry", "pk": 115, "fields": {"action_time": "2021-12-22T08:15:50.547Z", "user": 1, "content_type": 10, "object_id": "4", "object_repr": "Samsung 4", "action_flag": 2, "change_message": "[{\"changed\": {\"fields\": [\"Category\"]}}]"}}, {"model": "admin.logentry", "pk": 116, "fields": {"action_time": "2021-12-22T08:15:56.091Z", "user": 1, "content_type": 10, "object_id": "3", "object_repr": "Samsung 3", "action_flag": 2, "change_message": "[{\"changed\": {\"fields\": [\"Category\"]}}]"}}, {"model": "admin.logentry", "pk": 117, "fields": {"action_time": "2021-12-22T08:16:02.052Z", "user": 1, "content_type": 10, "object_id": "2", "object_repr": "Samsung 2", "action_flag": 2, "change_message": "[{\"changed\": {\"fields\": [\"Category\"]}}]"}}, {"model": "admin.logentry", "pk": 118, "fields": {"action_time": "2021-12-22T08:16:07.853Z", "user": 1, "content_type": 10, "object_id": "1", "object_repr": "Samsung 1", "action_flag": 2, "change_message": "[{\"changed\": {\"fields\": [\"Category\"]}}]"}}, {"model": "admin.logentry", "pk": 119, "fields": {"action_time": "2021-12-25T13:27:23.926Z", "user": 1, "content_type": 14, "object_id": "11", "object_repr": "Order id==11==Complete==True==Customer==yasir", "action_flag": 2, "change_message": "[{\"changed\": {\"fields\": [\"Order status\"]}}]"}}, {"model": "admin.logentry", "pk": 120, "fields": {"action_time": "2021-12-25T15:36:31.430Z", "user": 1, "content_type": 15, "object_id": "1", "object_repr": "Order Received", "action_flag": 1, "change_message": "[{\"added\": {}}]"}}, {"model": "admin.logentry", "pk": 121, "fields": {"action_time": "2021-12-25T15:36:42.031Z", "user": 1, "content_type": 15, "object_id": "2", "object_repr": "Order Processing", "action_flag": 1, "change_message": "[{\"added\": {}}]"}}, {"model": "admin.logentry", "pk": 122, "fields": {"action_time": "2021-12-25T15:36:58.384Z", "user": 1, "content_type": 15, "object_id": "3", "object_repr": "On the way", "action_flag": 1, "change_message": "[{\"added\": {}}]"}}, {"model": "admin.logentry", "pk": 123, "fields": {"action_time": "2021-12-25T15:37:04.048Z", "user": 1, "content_type": 15, "object_id": "4", "object_repr": "Order Completed", "action_flag": 1, "change_message": "[{\"added\": {}}]"}}, {"model": "admin.logentry", "pk": 124, "fields": {"action_time": "2021-12-25T15:37:23.573Z", "user": 1, "content_type": 15, "object_id": "5", "object_repr": "Order Canceled", "action_flag": 1, "change_message": "[{\"added\": {}}]"}}, {"model": "admin.logentry", "pk": 125, "fields": {"action_time": "2021-12-25T15:37:37.742Z", "user": 1, "content_type": 15, "object_id": "6", "object_repr": "Order Pending", "action_flag": 1, "change_message": "[{\"added\": {}}]"}}, {"model": "admin.logentry", "pk": 126, "fields": {"action_time": "2021-12-25T15:37:52.758Z", "user": 1, "content_type": 15, "object_id": "7", "object_repr": "Delivered", "action_flag": 1, "change_message": "[{\"added\": {}}]"}}, {"model": "admin.logentry", "pk": 127, "fields": {"action_time": "2021-12-26T07:09:58.573Z", "user": 1, "content_type": 14, "object_id": "12", "object_repr": "Order id==12==Complete==True==Customer==yasir", "action_flag": 2, "change_message": "[{\"changed\": {\"fields\": [\"Order list\"]}}]"}}, {"model": "admin.logentry", "pk": 128, "fields": {"action_time": "2021-12-26T07:10:06.356Z", "user": 1, "content_type": 14, "object_id": "11", "object_repr": "Order id==11==Complete==True==Customer==yasir", "action_flag": 2, "change_message": "[]"}}, {"model": "admin.logentry", "pk": 129, "fields": {"action_time": "2021-12-26T07:10:18.238Z", "user": 1, "content_type": 14, "object_id": "4", "object_repr": "Order id==4==Complete==True==Customer==admin", "action_flag": 2, "change_message": "[{\"changed\": {\"fields\": [\"Order list\"]}}]"}}, {"model": "admin.logentry", "pk": 130, "fields": {"action_time": "2021-12-26T07:10:29.183Z", "user": 1, "content_type": 14, "object_id": "3", "object_repr": "Order id==3==Complete==True==Customer==admin", "action_flag": 2, "change_message": "[{\"changed\": {\"fields\": [\"Order list\"]}}]"}}, {"model": "admin.logentry", "pk": 131, "fields": {"action_time": "2021-12-26T07:10:36.134Z", "user": 1, "content_type": 14, "object_id": "2", "object_repr": "Order id==2==Complete==True==Customer==admin", "action_flag": 2, "change_message": "[{\"changed\": {\"fields\": [\"Order list\"]}}]"}}, {"model": "admin.logentry", "pk": 132, "fields": {"action_time": "2021-12-26T07:10:43.338Z", "user": 1, "content_type": 14, "object_id": "1", "object_repr": "Order id==1==Complete==True==Customer==admin", "action_flag": 2, "change_message": "[{\"changed\": {\"fields\": [\"Order list\"]}}]"}}, {"model": "admin.logentry", "pk": 133, "fields": {"action_time": "2021-12-26T11:55:47.353Z", "user": 1, "content_type": 14, "object_id": "11", "object_repr": "Order id==11==Complete==True==Customer==yasir", "action_flag": 2, "change_message": "[{\"changed\": {\"fields\": [\"Order list\"]}}]"}}, {"model": "admin.logentry", "pk": 134, "fields": {"action_time": "2021-12-26T11:56:10.529Z", "user": 1, "content_type": 14, "object_id": "3", "object_repr": "Order id==3==Complete==True==Customer==admin", "action_flag": 2, "change_message": "[{\"changed\": {\"fields\": [\"Order list\"]}}]"}}, {"model": "admin.logentry", "pk": 135, "fields": {"action_time": "2021-12-26T12:11:03.947Z", "user": 1, "content_type": 14, "object_id": "12", "object_repr": "Order id==12==Complete==True==Customer==yasir", "action_flag": 3, "change_message": ""}}, {"model": "admin.logentry", "pk": 136, "fields": {"action_time": "2021-12-26T12:11:04.244Z", "user": 1, "content_type": 14, "object_id": "3", "object_repr": "Order id==3==Complete==True==Customer==admin", "action_flag": 3, "change_message": ""}}, {"model": "admin.logentry", "pk": 137, "fields": {"action_time": "2021-12-31T15:05:20.841Z", "user": 1, "content_type": 4, "object_id": "7", "object_repr": "user3", "action_flag": 3, "change_message": ""}}, {"model": "admin.logentry", "pk": 138, "fields": {"action_time": "2021-12-31T15:05:21.105Z", "user": 1, "content_type": 4, "object_id": "8", "object_repr": "user4", "action_flag": 3, "change_message": ""}}, {"model": "admin.logentry", "pk": 139, "fields": {"action_time": "2021-12-31T15:11:15.950Z", "user": 1, "content_type": 4, "object_id": "9", "object_repr": "user3", "action_flag": 3, "change_message": ""}}, {"model": "admin.logentry", "pk": 140, "fields": {"action_time": "2022-01-16T16:44:06.606Z", "user": 1, "content_type": 4, "object_id": "12", "object_repr": "admin2", "action_flag": 3, "change_message": ""}}, {"model": "admin.logentry", "pk": 141, "fields": {"action_time": "2022-01-16T16:47:03.011Z", "user": 1, "content_type": 4, "object_id": "13", "object_repr": "admin2", "action_flag": 3, "change_message": ""}}, {"model": "admin.logentry", "pk": 142, "fields": {"action_time": "2022-01-18T12:35:02.198Z", "user": 1, "content_type": 4, "object_id": "14", "object_repr": "admin2", "action_flag": 3, "change_message": ""}}, {"model": "admin.logentry", "pk": 143, "fields": {"action_time": "2022-01-18T12:36:28.622Z", "user": 1, "content_type": 4, "object_id": "15", "object_repr": "admin2", "action_flag": 3, "change_message": ""}}, {"model": "admin.logentry", "pk": 144, "fields": {"action_time": "2022-01-18T12:38:42.814Z", "user": 1, "content_type": 4, "object_id": "16", "object_repr": "admin2", "action_flag": 3, "change_message": ""}}, {"model": "admin.logentry", "pk": 145, "fields": {"action_time": "2022-01-18T12:52:49.767Z", "user": 1, "content_type": 4, "object_id": "17", "object_repr": "admin2", "action_flag": 3, "change_message": ""}}, {"model": "admin.logentry", "pk": 146, "fields": {"action_time": "2022-01-18T14:51:41.761Z", "user": 1, "content_type": 4, "object_id": "18", "object_repr": "admin2", "action_flag": 3, "change_message": ""}}, {"model": "admin.logentry", "pk": 147, "fields": {"action_time": "2022-01-18T14:54:08.597Z", "user": 1, "content_type": 4, "object_id": "19", "object_repr": "admin2", "action_flag": 3, "change_message": ""}}, {"model": "admin.logentry", "pk": 148, "fields": {"action_time": "2022-01-18T15:16:20.353Z", "user": 1, "content_type": 4, "object_id": "20", "object_repr": "admin2", "action_flag": 3, "change_message": ""}}, {"model": "admin.logentry", "pk": 149, "fields": {"action_time": "2022-01-18T15:16:20.531Z", "user": 1, "content_type": 4, "object_id": "21", "object_repr": "admin3", "action_flag": 3, "change_message": ""}}, {"model": "admin.logentry", "pk": 150, "fields": {"action_time": "2022-01-21T18:40:15.938Z", "user": 1, "content_type": 13, "object_id": "81", "object_repr": "Cart==19<==>CartProduct:81==Quantity==1==Customer==admin", "action_flag": 2, "change_message": "[]"}}, {"model": "admin.logentry", "pk": 151, "fields": {"action_time": "2022-01-21T18:43:29.149Z", "user": 1, "content_type": 13, "object_id": "82", "object_repr": "Cart==19<==>CartProduct:82==Quantity==1==Customer==admin", "action_flag": 2, "change_message": "[{\"changed\": {\"fields\": [\"Product\"]}}]"}}, {"model": "admin.logentry", "pk": 152, "fields": {"action_time": "2022-01-21T18:43:58.231Z", "user": 1, "content_type": 13, "object_id": "114", "object_repr": "Cart==30<==>CartProduct:114==Quantity==2==Customer==user1", "action_flag": 2, "change_message": "[{\"changed\": {\"fields\": [\"Product\"]}}]"}}, {"model": "auth.permission", "pk": 1, "fields": {"name": "Can add log entry", "content_type": 1, "codename": "add_logentry"}}, {"model": "auth.permission", "pk": 2, "fields": {"name": "Can change log entry", "content_type": 1, "codename": "change_logentry"}}, {"model": "auth.permission", "pk": 3, "fields": {"name": "Can delete log entry", "content_type": 1, "codename": "delete_logentry"}}, {"model": "auth.permission", "pk": 4, "fields": {"name": "Can view log entry", "content_type": 1, "codename": "view_logentry"}}, {"model": "auth.permission", "pk": 5, "fields": {"name": "Can add permission", "content_type": 2, "codename": "add_permission"}}, {"model": "auth.permission", "pk": 6, "fields": {"name": "Can change permission", "content_type": 2, "codename": "change_permission"}}, {"model": "auth.permission", "pk": 7, "fields": {"name": "Can delete permission", "content_type": 2, "codename": "delete_permission"}}, {"model": "auth.permission", "pk": 8, "fields": {"name": "Can view permission", "content_type": 2, "codename": "view_permission"}}, {"model": "auth.permission", "pk": 9, "fields": {"name": "Can add group", "content_type": 3, "codename": "add_group"}}, {"model": "auth.permission", "pk": 10, "fields": {"name": "Can change group", "content_type": 3, "codename": "change_group"}}, {"model": "auth.permission", "pk": 11, "fields": {"name": "Can delete group", "content_type": 3, "codename": "delete_group"}}, {"model": "auth.permission", "pk": 12, "fields": {"name": "Can view group", "content_type": 3, "codename": "view_group"}}, {"model": "auth.permission", "pk": 13, "fields": {"name": "Can add user", "content_type": 4, "codename": "add_user"}}, {"model": "auth.permission", "pk": 14, "fields": {"name": "Can change user", "content_type": 4, "codename": "change_user"}}, {"model": "auth.permission", "pk": 15, "fields": {"name": "Can delete user", "content_type": 4, "codename": "delete_user"}}, {"model": "auth.permission", "pk": 16, "fields": {"name": "Can view user", "content_type": 4, "codename": "view_user"}}, {"model": "auth.permission", "pk": 17, "fields": {"name": "Can add content type", "content_type": 5, "codename": "add_contenttype"}}, {"model": "auth.permission", "pk": 18, "fields": {"name": "Can change content type", "content_type": 5, "codename": "change_contenttype"}}, {"model": "auth.permission", "pk": 19, "fields": {"name": "Can delete content type", "content_type": 5, "codename": "delete_contenttype"}}, {"model": "auth.permission", "pk": 20, "fields": {"name": "Can view content type", "content_type": 5, "codename": "view_contenttype"}}, {"model": "auth.permission", "pk": 21, "fields": {"name": "Can add session", "content_type": 6, "codename": "add_session"}}, {"model": "auth.permission", "pk": 22, "fields": {"name": "Can change session", "content_type": 6, "codename": "change_session"}}, {"model": "auth.permission", "pk": 23, "fields": {"name": "Can delete session", "content_type": 6, "codename": "delete_session"}}, {"model": "auth.permission", "pk": 24, "fields": {"name": "Can view session", "content_type": 6, "codename": "view_session"}}, {"model": "auth.permission", "pk": 25, "fields": {"name": "Can add Token", "content_type": 7, "codename": "add_token"}}, {"model": "auth.permission", "pk": 26, "fields": {"name": "Can change Token", "content_type": 7, "codename": "change_token"}}, {"model": "auth.permission", "pk": 27, "fields": {"name": "Can delete Token", "content_type": 7, "codename": "delete_token"}}, {"model": "auth.permission", "pk": 28, "fields": {"name": "Can view Token", "content_type": 7, "codename": "view_token"}}, {"model": "auth.permission", "pk": 29, "fields": {"name": "Can add token", "content_type": 8, "codename": "add_tokenproxy"}}, {"model": "auth.permission", "pk": 30, "fields": {"name": "Can change token", "content_type": 8, "codename": "change_tokenproxy"}}, {"model": "auth.permission", "pk": 31, "fields": {"name": "Can delete token", "content_type": 8, "codename": "delete_tokenproxy"}}, {"model": "auth.permission", "pk": 32, "fields": {"name": "Can view token", "content_type": 8, "codename": "view_tokenproxy"}}, {"model": "auth.permission", "pk": 33, "fields": {"name": "Can add profile", "content_type": 9, "codename": "add_profile"}}, {"model": "auth.permission", "pk": 34, "fields": {"name": "Can change profile", "content_type": 9, "codename": "change_profile"}}, {"model": "auth.permission", "pk": 35, "fields": {"name": "Can delete profile", "content_type": 9, "codename": "delete_profile"}}, {"model": "auth.permission", "pk": 36, "fields": {"name": "Can view profile", "content_type": 9, "codename": "view_profile"}}, {"model": "auth.permission", "pk": 37, "fields": {"name": "Can add product", "content_type": 10, "codename": "add_product"}}, {"model": "auth.permission", "pk": 38, "fields": {"name": "Can change product", "content_type": 10, "codename": "change_product"}}, {"model": "auth.permission", "pk": 39, "fields": {"name": "Can delete product", "content_type": 10, "codename": "delete_product"}}, {"model": "auth.permission", "pk": 40, "fields": {"name": "Can view product", "content_type": 10, "codename": "view_product"}}, {"model": "auth.permission", "pk": 41, "fields": {"name": "Can add category", "content_type": 11, "codename": "add_category"}}, {"model": "auth.permission", "pk": 42, "fields": {"name": "Can change category", "content_type": 11, "codename": "change_category"}}, {"model": "auth.permission", "pk": 43, "fields": {"name": "Can delete category", "content_type": 11, "codename": "delete_category"}}, {"model": "auth.permission", "pk": 44, "fields": {"name": "Can view category", "content_type": 11, "codename": "view_category"}}, {"model": "auth.permission", "pk": 45, "fields": {"name": "Can add cart", "content_type": 12, "codename": "add_cart"}}, {"model": "auth.permission", "pk": 46, "fields": {"name": "Can change cart", "content_type": 12, "codename": "change_cart"}}, {"model": "auth.permission", "pk": 47, "fields": {"name": "Can delete cart", "content_type": 12, "codename": "delete_cart"}}, {"model": "auth.permission", "pk": 48, "fields": {"name": "Can view cart", "content_type": 12, "codename": "view_cart"}}, {"model": "auth.permission", "pk": 49, "fields": {"name": "Can add cart product", "content_type": 13, "codename": "add_cartproduct"}}, {"model": "auth.permission", "pk": 50, "fields": {"name": "Can change cart product", "content_type": 13, "codename": "change_cartproduct"}}, {"model": "auth.permission", "pk": 51, "fields": {"name": "Can delete cart product", "content_type": 13, "codename": "delete_cartproduct"}}, {"model": "auth.permission", "pk": 52, "fields": {"name": "Can view cart product", "content_type": 13, "codename": "view_cartproduct"}}, {"model": "auth.permission", "pk": 53, "fields": {"name": "Can add order", "content_type": 14, "codename": "add_order"}}, {"model": "auth.permission", "pk": 54, "fields": {"name": "Can change order", "content_type": 14, "codename": "change_order"}}, {"model": "auth.permission", "pk": 55, "fields": {"name": "Can delete order", "content_type": 14, "codename": "delete_order"}}, {"model": "auth.permission", "pk": 56, "fields": {"name": "Can view order", "content_type": 14, "codename": "view_order"}}, {"model": "auth.permission", "pk": 57, "fields": {"name": "Can add choice", "content_type": 15, "codename": "add_choice"}}, {"model": "auth.permission", "pk": 58, "fields": {"name": "Can change choice", "content_type": 15, "codename": "change_choice"}}, {"model": "auth.permission", "pk": 59, "fields": {"name": "Can delete choice", "content_type": 15, "codename": "delete_choice"}}, {"model": "auth.permission", "pk": 60, "fields": {"name": "Can view choice", "content_type": 15, "codename": "view_choice"}}, {"model": "auth.user", "pk": 1, "fields": {"password": "pbkdf2_sha256$320000$YfvQyAG6LhstOvv4kSjg9R$RlZVfc47Z4vfomjH5XVskz/Fl4MI4LR5vnYkqMd09Zs=", "last_login": "2022-01-22T10:59:00.323Z", "is_superuser": true, "username": "admin", "first_name": "Abdullah Al Mahmood", "last_name": "Yasir", "email": "admin@gmail.com", "is_staff": true, "is_active": true, "date_joined": "2021-10-31T08:14:57Z", "groups": [], "user_permissions": []}}, {"model": "auth.user", "pk": 2, "fields": {"password": "pbkdf2_sha256$320000$YZQlq3wOCmG0o33cNW9yvU$VUy/wfhkbWuXETqnyBTBZlmiCl2WOHzxiqLjKz6AVVU=", "last_login": null, "is_superuser": false, "username": "yasir", "first_name": "Mahmood", "last_name": "Yasir", "email": "yasir@gmail.com", "is_staff": false, "is_active": true, "date_joined": "2021-11-25T13:32:11.703Z", "groups": [], "user_permissions": []}}, {"model": "auth.user", "pk": 3, "fields": {"password": "pbkdf2_sha256$320000$7BRYEVPFyoIitSmUEGhhaV$AbC5VM6yulTq1Ay7TOzoY7p9AcKYAtV37i/EbhbbrXo=", "last_login": "2021-12-19T08:05:30.883Z", "is_superuser": false, "username": "mamun", "first_name": "Abrar", "last_name": "Islam", "email": "abrarislam@gmail.com", "is_staff": false, "is_active": true, "date_joined": "2021-11-25T13:36:23.143Z", "groups": [], "user_permissions": []}}, {"model": "auth.user", "pk": 4, "fields": {"password": "pbkdf2_sha256$320000$z5YZcOirWhgxaLioaJwwPw$sKB3Hjtji1dKxzh3OMHtuHWcOsKQRo8TaxL9wbTggn8=", "last_login": null, "is_superuser": false, "username": "kamal", "first_name": "Touhid", "last_name": "Ali", "email": "kamal@gmail.com", "is_staff": false, "is_active": true, "date_joined": "2021-12-26T12:15:11.694Z", "groups": [], "user_permissions": []}}, {"model": "auth.user", "pk": 5, "fields": {"password": "pbkdf2_sha256$320000$6URajkDo8qePrCXsfK7khB$9bWuAvTH2tjfQhPc+x3cWuvFwaRnbl8sFF6xGev7Hkg=", "last_login": null, "is_superuser": false, "username": "user1", "first_name": "Tony", "last_name": "Stark", "email": "user1@gmail.com", "is_staff": false, "is_active": true, "date_joined": "2021-12-29T04:29:35.130Z", "groups": [], "user_permissions": []}}, {"model": "auth.user", "pk": 6, "fields": {"password": "pbkdf2_sha256$320000$RvYlDCYmSAQd3WrRIlFNs7$gMA4QgWJzEFL0HpifY2j6Z9ko8MbO3ruBBaBbtm0m9U=", "last_login": null, "is_superuser": false, "username": "user2", "first_name": "Kamal", "last_name": "Ahmed", "email": "user2@gmail.com", "is_staff": false, "is_active": true, "date_joined": "2021-12-29T04:33:49.110Z", "groups": [], "user_permissions": []}}, {"model": "auth.user", "pk": 10, "fields": {"password": "pbkdf2_sha256$320000$7L9hYNiET1FlV6CkeVNNyn$MnLqciFZs5oPedZ8l248Y0vsdSepQgFVOQXRH4X7MR0=", "last_login": null, "is_superuser": false, "username": "user3", "first_name": "Akash", "last_name": "Ahmed", "email": "user3@gmail.com", "is_staff": false, "is_active": true, "date_joined": "2021-12-31T15:13:04.622Z", "groups": [], "user_permissions": []}}, {"model": "auth.user", "pk": 11, "fields": {"password": "pbkdf2_sha256$320000$esVvzKhwOvgcrKLsOmEDyx$lssA5EWuwkJkAiQS9ZBUmcjnC0PNzGeuaYufCzDCJyA=", "last_login": null, "is_superuser": false, "username": "user4", "first_name": "Shadhin", "last_name": "Islam", "email": "user4@gmail.com", "is_staff": false, "is_active": true, "date_joined": "2021-12-31T15:23:00.743Z", "groups": [], "user_permissions": []}}, {"model": "auth.user", "pk": 24, "fields": {"password": "pbkdf2_sha256$320000$04T3HCspBZ60AiZnKStwYi$stnI64AfCSy7+pTH6JDdYR7SwG5xNA9ZISb+1LWlx0o=", "last_login": null, "is_superuser": true, "username": "admin2", "first_name": "Jashim", "last_name": "Bhuiyan", "email": "admin2@gmail.com", "is_staff": true, "is_active": true, "date_joined": "2022-01-19T11:18:03.027Z", "groups": [], "user_permissions": []}}, {"model": "sessions.session", "pk": "06amzns2fcr4o9gcmwlm9h2zujhfl6ea", "fields": {"session_data": ".eJxVjDsOwyAQBe9CHSHwAmZTpvcZ0PILTiKQjF1FuXuE5CJp38y8N3N07MUdPW1ujezKJLv8bp7CM9UB4oPqvfHQ6r6tng-Fn7TzpcX0up3u30GhXkYNoIQAtNEbM3lUIEyWNgVjjZUalYRZg8qgMxJ4oQjnJCXpSQskb9nnC6ZNNlg:1n1SVg:geAL-OHslhhrKFEYf2vCh8xS4kY1C1E5vDPV8TcCc_0", "expire_date": "2022-01-09T12:20:20.240Z"}}, {"model": "sessions.session", "pk": "4esiafg0479qa3ll2xv399s7u6zn4rvc", "fields": {"session_data": ".eJxVjDsOwjAQBe_iGlnrZP0JJX3OEK13bRJAtpRPhbg7iZQC2jcz760G2tZx2JY0D5OoqzLq8rtF4mcqB5AHlXvVXMs6T1Efij7povsq6XU73b-DkZZxr7Og58DRUpNTJrQI0HXGGWFnd4gYAACjsybE4LEVhtaREdORZ2jU5wvlojdi:1miIug:Dicz94X2RwYe4_ry3Vp1UzWFET4Wjz0fpZGuAIQc4gQ", "expire_date": "2021-11-17T16:14:58.928Z"}}, {"model": "sessions.session", "pk": "bvqgobnffpe2aom3p8ojnz2cw9rk9isi", "fields": {"session_data": ".eJxVjDsOwjAQBe_iGlnrZP0JJX3OEK13bRJAtpRPhbg7iZQC2jcz760G2tZx2JY0D5OoqzLq8rtF4mcqB5AHlXvVXMs6T1Efij7povsq6XU73b-DkZZxr7Og58DRUpNTJrQI0HXGGWFnd4gYAACjsybE4LEVhtaREdORZ2jU5wvlojdi:1mhYrv:J726NY4Fn09aoCDeRSt5m5h0WOB9UqpQcJJ15Q9XDdg", "expire_date": "2021-11-15T15:05:03.838Z"}}, {"model": "sessions.session", "pk": "cwonpcokvltycp01ly1p96jgio2555qp", "fields": {"session_data": ".eJxVjDsOwjAQBe_iGlnrZP0JJX3OEK13bRJAtpRPhbg7iZQC2jcz760G2tZx2JY0D5OoqzLq8rtF4mcqB5AHlXvVXMs6T1Efij7povsq6XU73b-DkZZxr7Og58DRUpNTJrQI0HXGGWFnd4gYAACjsybE4LEVhtaREdORZ2jU5wvlojdi:1mvbeq:qsSZQN69cABRKrPc49f3qBIgfVgUpjSdPkWnciMwvQg", "expire_date": "2021-12-24T08:53:36.988Z"}}, {"model": "sessions.session", "pk": "iquhjq00x0g0oafhl1uiybsx1z2lgfj0", "fields": {"session_data": ".eJxVjDsOwyAQBe9CHSHwAmZTpvcZ0PILTiKQjF1FuXuE5CJp38y8N3N07MUdPW1ujezKJLv8bp7CM9UB4oPqvfHQ6r6tng-Fn7TzpcX0up3u30GhXkYNoIQAtNEbM3lUIEyWNgVjjZUalYRZg8qgMxJ4oQjnJCXpSQskb9nnC6ZNNlg:1n07Q4:yYROCS_PA9GDDZN3IbjcHQKWjTCYo-pNdaA6ADZ2zIg", "expire_date": "2022-01-05T19:37:00.068Z"}}, {"model": "sessions.session", "pk": "j2dkge139cfmcrtmsin7v0z17gjg6xyt", "fields": {"session_data": ".eJxVjMsOwiAQRf-FtSG8BZfu-w1kYBipGkhKuzL-uzbpQrf3nHNfLMK21riNssQZ2YVpdvrdEuRHaTvAO7Rb57m3dZkT3xV-0MGnjuV5Pdy_gwqjfuuMygVrhDJBCfTGuEQ6ERFIL7MNJAFJe4HF6rMqTmonlTFUfELhQbL3B9fDN6A:1myrCF:fsb552gZ2jwmKBBCtZTQ6MBWplI0_VH7zoYa4ctBMuE", "expire_date": "2022-01-02T08:05:31.058Z"}}, {"model": "sessions.session", "pk": "on4uy62vf8fpz82u501cq1mys73xqxky", "fields": {"session_data": ".eJxVjDsOwyAQBe9CHSHwAmZTpvcZ0PILTiKQjF1FuXuE5CJp38y8N3N07MUdPW1ujezKJLv8bp7CM9UB4oPqvfHQ6r6tng-Fn7TzpcX0up3u30GhXkYNoIQAtNEbM3lUIEyWNgVjjZUalYRZg8qgMxJ4oQjnJCXpSQskb9nnC6ZNNlg:1n1X7v:0rHfZiCSXrjb-ale8vMn6Ub1VYWhIBpQP-Acp_tJG5w", "expire_date": "2022-01-09T17:16:07.165Z"}}, {"model": "sessions.session", "pk": "rurgub2zx2v1gyp4xxh43xzw8fxgu9px", "fields": {"session_data": ".eJxVjDsOwjAQBe_iGlnrZP0JJX3OEK13bRJAtpRPhbg7iZQC2jcz760G2tZx2JY0D5OoqzLq8rtF4mcqB5AHlXvVXMs6T1Efij7povsq6XU73b-DkZZxr7Og58DRUpNTJrQI0HXGGWFnd4gYAACjsybE4LEVhtaREdORZ2jU5wvlojdi:1mhBcC:K9GnLKrFCoL2qStJWYX06RUiR0djPZ9YC8Afn02M5rA", "expire_date": "2021-11-14T14:15:16.648Z"}}, {"model": "sessions.session", "pk": "v8kws8povtqifj060tu3dtkqbdgoqarm", "fields": {"session_data": ".eJxVjDsOwjAQBe_iGlnrZP0JJX3OEK13bRJAtpRPhbg7iZQC2jcz760G2tZx2JY0D5OoqzLq8rtF4mcqB5AHlXvVXMs6T1Efij7povsq6XU73b-DkZZxr7Og58DRUpNTJrQI0HXGGWFnd4gYAACjsybE4LEVhtaREdORZ2jU5wvlojdi:1mx6jo:TsLRylY4XbCdeUO0azMyC4vFCd97HqUYEMYXZBF_Dfg", "expire_date": "2021-12-28T12:16:56.408Z"}}, {"model": "sessions.session", "pk": "v98dkyjubxo065egqysf8eusbuzaacs5", "fields": {"session_data": ".eJxVjEsOAiEQBe_C2hCBlo9L956BdEMjowaSYWZlvLtOMgvdvqp6LxFxXWpcB89xyuIslDj8boTpwW0D-Y7t1mXqbZknkpsidzrktWd-Xnb376DiqN_aGgqkwVEmwzZYUCYTFG9QO1TehZASAzkAd1SnwpoSAbtSVPEpFBLvD-OJOHU:1nAdAo:irjP8lg5B0GcG_eBKdDcG6UJw-7v0QTpoIP-qQe4-pU", "expire_date": "2022-02-03T19:32:42.778Z"}}, {"model": "sessions.session", "pk": "x4uuzkcqjgkc5e7a21p4dsfo9xh74m2g", "fields": {"session_data": ".eJxVjDsOwjAQBe_iGlnrZP0JJX3OEK13bRJAtpRPhbg7iZQC2jcz760G2tZx2JY0D5OoqzLq8rtF4mcqB5AHlXvVXMs6T1Efij7povsq6XU73b-DkZZxr7Og58DRUpNTJrQI0HXGGWFnd4gYAACjsybE4LEVhtaREdORZ2jU5wvlojdi:1mpXn5:pw3hMKTcTxxUVcaHEmM-pGnB20F39ip1T9irZver0ng", "expire_date": "2021-12-07T15:33:03.817Z"}}, {"model": "authtoken.token", "pk": "2b822c3ce1106881a265b132b8438a7bbb803f7c", "fields": {"user": 2, "created": "2021-11-25T13:32:12.125Z"}}, {"model": "authtoken.token", "pk": "3ac880ae3169f30f2fe4d955769ecddddee2eef2", "fields": {"user": 10, "created": "2021-12-31T15:13:05.910Z"}}, {"model": "authtoken.token", "pk": "61208f7287ac234051466117ce7018d60d6569b6", "fields": {"user": 1, "created": "2021-10-31T08:16:05.703Z"}}, {"model": "authtoken.token", "pk": "6c70a04ddfabc6968e92b5f263fd961b94570792", "fields": {"user": 3, "created": "2021-11-25T13:36:24.439Z"}}, {"model": "authtoken.token", "pk": "9336708a104cca70e53e993f763d6cc31192bca7", "fields": {"user": 5, "created": "2021-12-29T04:29:36.450Z"}}, {"model": "authtoken.token", "pk": "a66800bb68558bd9db1192586c4acba710c0a575", "fields": {"user": 24, "created": "2022-01-19T11:18:04.328Z"}}, {"model": "authtoken.token", "pk": "d34090584fd0a042550c5306f38a91f85771d78f", "fields": {"user": 4, "created": "2021-12-26T12:15:12.978Z"}}, {"model": "authtoken.token", "pk": "f3fb9ae6b1781cbd7d46a4b3c68e1354724abe84", "fields": {"user": 6, "created": "2021-12-29T04:33:50.510Z"}}, {"model": "authtoken.token", "pk": "f40747ba85d5eb70320da9aefa2068343ec379dc", "fields": {"user": 11, "created": "2021-12-31T15:23:02.081Z"}}, {"model": "shop.profile", "pk": 2, "fields": {"prouser": 1, "image": "static/images/customers/c_man.jpg"}}, {"model": "shop.profile", "pk": 3, "fields": {"prouser": 2, "image": "static/images/customers/img_avatar.png"}}, {"model": "shop.profile", "pk": 4, "fields": {"prouser": 3, "image": "static/images/customers/Robot_vector_illustration_3735sfF.jpg"}}, {"model": "shop.profile", "pk": 5, "fields": {"prouser": 4, "image": "static/images/customers/iron.jpg"}}, {"model": "shop.profile", "pk": 6, "fields": {"prouser": 5, "image": "static/images/customers/tony.png"}}, {"model": "shop.profile", "pk": 7, "fields": {"prouser": 6, "image": "static/images/customers/p.jpg"}}, {"model": "shop.profile", "pk": 11, "fields": {"prouser": 10, "image": "static/images/customers/images.png"}}, {"model": "shop.profile", "pk": 12, "fields": {"prouser": 11, "image": "static/images/customers/vector1.jpg"}}, {"model": "shop.profile", "pk": 25, "fields": {"prouser": 24, "image": "static/images/customers/Robot_vector_illustration.jpg"}}, {"model": "shop.category", "pk": 1, "fields": {"title": "Samsung", "date": "2021-10-31"}}, {"model": "shop.category", "pk": 3, "fields": {"title": "iphone", "date": "2021-10-31"}}, {"model": "shop.category", "pk": 12, "fields": {"title": "OnePlus", "date": "2021-12-22"}}, {"model": "shop.category", "pk": 13, "fields": {"title": "Xiomi", "date": "2021-12-22"}}, {"model": "shop.category", "pk": 15, "fields": {"title": "Xperia", "date": "2021-12-29"}}, {"model": "shop.category", "pk": 19, "fields": {"title": "Pixel", "date": "2021-12-31"}}, {"model": "shop.product", "pk": 1, "fields": {"title": "Samsung 1", "date": "2021-10-31", "category": 1, "image": "static/images/products/61IRwSgk0PL._AC_SL1500_.jpg", "market_price": 155, "selling_price": 140, "description": "Lorem Ipsum is simply dummy text of the printing and typesetting industry. Lorem Ipsum has been the industry's standard dummy text ever since the 1500s, when an unknown printer took a galley of type and scrambled it to make a type specimen book. It has survived not only five centuries, but also the leap into electronic typesetting, remaining essentially unchanged. It was popularised in the 1960s with the release of Letraset sheets containing Lorem Ipsum passages, and more recently with desktop publishing software like Aldus PageMaker including versions of Lorem Ipsum."}}, {"model": "shop.product", "pk": 2, "fields": {"title": "Samsung 2", "date": "2021-10-31", "category": 1, "image": "static/images/products/61kx4uQ9c-L._AC_SL1000_.jpg", "market_price": 80, "selling_price": 70, "description": "Lorem Ipsum is simply dummy text of the printing and typesetting industry. Lorem Ipsum has been the industry's standard dummy text ever since the 1500s, when an unknown printer took a galley of type and scrambled it to make a type specimen book. It has survived not only five centuries, but also the leap into electronic typesetting, remaining essentially unchanged. It was popularised in the 1960s with the release of Letraset sheets containing Lorem Ipsum passages, and more recently with desktop publishing software like Aldus PageMaker including versions of Lorem Ipsum."}}, {"model": "shop.product", "pk": 3, "fields": {"title": "Samsung 3", "date": "2021-10-31", "category": 1, "image": "static/images/products/61O45C5qASL._AC_SL1000_.jpg", "market_price": 250, "selling_price": 200, "description": "Lorem Ipsum is simply dummy text of the printing and typesetting industry. Lorem Ipsum has been the industry's standard dummy text ever since the 1500s, when an unknown printer took a galley of type and scrambled it to make a type specimen book. It has survived not only five centuries, but also the leap into electronic typesetting, remaining essentially unchanged. It was popularised in the 1960s with the release of Letraset sheets containing Lorem Ipsum passages, and more recently with desktop publishing software like Aldus PageMaker including versions of Lorem Ipsum."}}, {"model": "shop.product", "pk": 4, "fields": {"title": "Samsung 4", "date": "2021-10-31", "category": 1, "image": "static/images/products/61pwE8H34zL._AC_SL1000_.jpg", "market_price": 150, "selling_price": 135, "description": "Lorem Ipsum is simply dummy text of the printing and typesetting industry. Lorem Ipsum has been the industry's standard dummy text ever since the 1500s, when an unknown printer took a galley of type and scrambled it to make a type specimen book. It has survived not only five centuries, but also the leap into electronic typesetting, remaining essentially unchanged. It was popularised in the 1960s with the release of Letraset sheets containing Lorem Ipsum passages, and more recently with desktop publishing software like Aldus PageMaker including versions of Lorem Ipsum."}}, {"model": "shop.product", "pk": 5, "fields": {"title": "Samsung 5", "date": "2021-10-31", "category": 1, "image": "static/images/products/71InZW4fuvL._AC_SL1500_.jpg", "market_price": 350, "selling_price": 290, "description": "Lorem Ipsum is simply dummy text of the printing and typesetting industry. Lorem Ipsum has been the industry's standard dummy text ever since the 1500s, when an unknown printer took a galley of type and scrambled it to make a type specimen book. It has survived not only five centuries, but also the leap into electronic typesetting, remaining essentially unchanged. It was popularised in the 1960s with the release of Letraset sheets containing Lorem Ipsum passages, and more recently with desktop publishing software like Aldus PageMaker including versions of Lorem Ipsum."}}, {"model": "shop.product", "pk": 6, "fields": {"title": "Samsung 6", "date": "2021-10-31", "category": 1, "image": "static/images/products/71non-nrTKS._AC_SL1500_.jpg", "market_price": 70, "selling_price": 60, "description": "Lorem Ipsum is simply dummy text of the printing and typesetting industry. Lorem Ipsum has been the industry's standard dummy text ever since the 1500s, when an unknown printer took a galley of type and scrambled it to make a type specimen book. It has survived not only five centuries, but also the leap into electronic typesetting, remaining essentially unchanged. It was popularised in the 1960s with the release of Letraset sheets containing Lorem Ipsum passages, and more recently with desktop publishing software like Aldus PageMaker including versions of Lorem Ipsum."}}, {"model": "shop.product", "pk": 7, "fields": {"title": "Samsung 7", "date": "2021-10-31", "category": 1, "image": "static/images/products/71yvulnrXML._AC_SL1500_.jpg", "market_price": 85, "selling_price": 65, "description": "Lorem Ipsum is simply dummy text of the printing and typesetting industry. Lorem Ipsum has been the industry's standard dummy text ever since the 1500s, when an unknown printer took a galley of type and scrambled it to make a type specimen book. It has survived not only five centuries, but also the leap into electronic typesetting, remaining essentially unchanged. It was popularised in the 1960s with the release of Letraset sheets containing Lorem Ipsum passages, and more recently with desktop publishing software like Aldus PageMaker including versions of Lorem Ipsum."}}, {"model": "shop.product", "pk": 8, "fields": {"title": "Samsung 8", "date": "2021-10-31", "category": 1, "image": "static/images/products/81P4RzFnw6L._AC_SL1500_.jpg", "market_price": 96, "selling_price": 79, "description": "Lorem Ipsum is simply dummy text of the printing and typesetting industry. Lorem Ipsum has been the industry's standard dummy text ever since the 1500s, when an unknown printer took a galley of type and scrambled it to make a type specimen book. It has survived not only five centuries, but also the leap into electronic typesetting, remaining essentially unchanged. It was popularised in the 1960s with the release of Letraset sheets containing Lorem Ipsum passages, and more recently with desktop publishing software like Aldus PageMaker including versions of Lorem Ipsum."}}, {"model": "shop.product", "pk": 9, "fields": {"title": "Samsung 9", "date": "2021-10-31", "category": 1, "image": "static/images/products/81qVBhmA4cL._AC_SL1500_.jpg", "market_price": 195, "selling_price": 167, "description": "Lorem Ipsum is simply dummy text of the printing and typesetting industry. Lorem Ipsum has been the industry's standard dummy text ever since the 1500s, when an unknown printer took a galley of type and scrambled it to make a type specimen book. It has survived not only five centuries, but also the leap into electronic typesetting, remaining essentially unchanged. It was popularised in the 1960s with the release of Letraset sheets containing Lorem Ipsum passages, and more recently with desktop publishing software like Aldus PageMaker including versions of Lorem Ipsum."}}, {"model": "shop.product", "pk": 10, "fields": {"title": "Xiaomi 10", "date": "2021-10-31", "category": 13, "image": "static/images/products/712iry8nIYL._AC_SL1500_.jpg", "market_price": 200, "selling_price": 170, "description": "Lorem Ipsum is simply dummy text of the printing and typesetting industry. Lorem Ipsum has been the industry's standard dummy text ever since the 1500s, when an unknown printer took a galley of type and scrambled it to make a type specimen book. It has survived not only five centuries, but also the leap into electronic typesetting, remaining essentially unchanged. It was popularised in the 1960s with the release of Letraset sheets containing Lorem Ipsum passages, and more recently with desktop publishing software like Aldus PageMaker including versions of Lorem Ipsum."}}, {"model": "shop.product", "pk": 11, "fields": {"title": "Xiaomi 1", "date": "2021-11-03", "category": 13, "image": "static/images/products/71kv86NHSFL._AC_SL1000_.jpg", "market_price": 50, "selling_price": 40, "description": "Lorem Ipsum is simply dummy text of the printing and typesetting industry. Lorem Ipsum has been the industry's standard dummy text ever since the 1500s, when an unknown printer took a galley of type and scrambled it to make a type specimen book. It has survived not only five centuries, but also the leap into electronic typesetting, remaining essentially unchanged. It was popularised in the 1960s with the release of Letraset sheets containing Lorem Ipsum passages, and more recently with desktop publishing software like Aldus PageMaker including versions of Lorem Ipsum."}}, {"model": "shop.product", "pk": 12, "fields": {"title": "Xiaomi 2", "date": "2021-11-03", "category": 13, "image": "static/images/products/71uAuObmLyL._AC_SL1500_.jpg", "market_price": 150, "selling_price": 125, "description": "Lorem Ipsum is simply dummy text of the printing and typesetting industry. Lorem Ipsum has been the industry's standard dummy text ever since the 1500s, when an unknown printer took a galley of type and scrambled it to make a type specimen book. It has survived not only five centuries, but also the leap into electronic typesetting, remaining essentially unchanged. It was popularised in the 1960s with the release of Letraset sheets containing Lorem Ipsum passages, and more recently with desktop publishing software like Aldus PageMaker including versions of Lorem Ipsum."}}, {"model": "shop.product", "pk": 13, "fields": {"title": "Xiaomi 3", "date": "2021-11-03", "category": 13, "image": "static/images/products/81jsFWp4XL._AC_SL1500_.jpg", "market_price": 200, "selling_price": 180, "description": "Lorem Ipsum is simply dummy text of the printing and typesetting industry. Lorem Ipsum has been the industry's standard dummy text ever since the 1500s, when an unknown printer took a galley of type and scrambled it to make a type specimen book. It has survived not only five centuries, but also the leap into electronic typesetting, remaining essentially unchanged. It was popularised in the 1960s with the release of Letraset sheets containing Lorem Ipsum passages, and more recently with desktop publishing software like Aldus PageMaker including versions of Lorem Ipsum."}}, {"model": "shop.product", "pk": 14, "fields": {"title": "Xiaomi 4", "date": "2021-11-03", "category": 13, "image": "static/images/products/81y8BHaWScL._AC_SL1500_.jpg", "market_price": 140, "selling_price": 90, "description": "Lorem Ipsum is simply dummy text of the printing and typesetting industry. Lorem Ipsum has been the industry's standard dummy text ever since the 1500s, when an unknown printer took a galley of type and scrambled it to make a type specimen book. It has survived not only five centuries, but also the leap into electronic typesetting, remaining essentially unchanged. It was popularised in the 1960s with the release of Letraset sheets containing Lorem Ipsum passages, and more recently with desktop publishing software like Aldus PageMaker including versions of Lorem Ipsum."}}, {"model": "shop.product", "pk": 15, "fields": {"title": "Xiaomi 5", "date": "2021-11-03", "category": 13, "image": "static/images/products/811HpE2ZWxL._AC_SL1500_.jpg", "market_price": 220, "selling_price": 190, "description": "Lorem Ipsum is simply dummy text of the printing and typesetting industry. Lorem Ipsum has been the industry's standard dummy text ever since the 1500s, when an unknown printer took a galley of type and scrambled it to make a type specimen book. It has survived not only five centuries, but also the leap into electronic typesetting, remaining essentially unchanged. It was popularised in the 1960s with the release of Letraset sheets containing Lorem Ipsum passages, and more recently with desktop publishing software like Aldus PageMaker including versions of Lorem Ipsum."}}, {"model": "shop.product", "pk": 16, "fields": {"title": "Xiaomi 6", "date": "2021-11-03", "category": 13, "image": "static/images/products/814Ih1CPFDL._AC_SL1500_.jpg", "market_price": 250, "selling_price": 200, "description": "Lorem Ipsum is simply dummy text of the printing and typesetting industry. Lorem Ipsum has been the industry's standard dummy text ever since the 1500s, when an unknown printer took a galley of type and scrambled it to make a type specimen book. It has survived not only five centuries, but also the leap into electronic typesetting, remaining essentially unchanged. It was popularised in the 1960s with the release of Letraset sheets containing Lorem Ipsum passages, and more recently with desktop publishing software like Aldus PageMaker including versions of Lorem Ipsum."}}, {"model": "shop.product", "pk": 17, "fields": {"title": "Iphone 6", "date": "2021-11-03", "category": 3, "image": "static/images/products/51jBpUtOgMS._AC_SL1000_.jpg", "market_price": 500, "selling_price": 450, "description": "Lorem Ipsum is simply dummy text of the printing and typesetting industry. Lorem Ipsum has been the industry's standard dummy text ever since the 1500s, when an unknown printer took a galley of type and scrambled it to make a type specimen book. It has survived not only five centuries, but also the leap into electronic typesetting, remaining essentially unchanged. It was popularised in the 1960s with the release of Letraset sheets containing Lorem Ipsum passages, and more recently with desktop publishing software like Aldus PageMaker including versions of Lorem Ipsum."}}, {"model": "shop.product", "pk": 18, "fields": {"title": "Iphone 11", "date": "2021-11-03", "category": 3, "image": "static/images/products/51ysUFqccxS._AC_SL1000_.jpg", "market_price": 700, "selling_price": 590, "description": "Lorem Ipsum is simply dummy text of the printing and typesetting industry. Lorem Ipsum has been the industry's standard dummy text ever since the 1500s, when an unknown printer took a galley of type and scrambled it to make a type specimen book. It has survived not only five centuries, but also the leap into electronic typesetting, remaining essentially unchanged. It was popularised in the 1960s with the release of Letraset sheets containing Lorem Ipsum passages, and more recently with desktop publishing software like Aldus PageMaker including versions of Lorem Ipsum."}}, {"model": "shop.product", "pk": 19, "fields": {"title": "Iphone 4", "date": "2021-11-03", "category": 3, "image": "static/images/products/81KadaNRiL._AC_SL1500_.jpg", "market_price": 400, "selling_price": 280, "description": "Lorem Ipsum is simply dummy text of the printing and typesetting industry. Lorem Ipsum has been the industry's standard dummy text ever since the 1500s, when an unknown printer took a galley of type and scrambled it to make a type specimen book. It has survived not only five centuries, but also the leap into electronic typesetting, remaining essentially unchanged. It was popularised in the 1960s with the release of Letraset sheets containing Lorem Ipsum passages, and more recently with desktop publishing software like Aldus PageMaker including versions of Lorem Ipsum."}}, {"model": "shop.product", "pk": 21, "fields": {"title": "Iphone 11 Gaming", "date": "2021-11-03", "category": 3, "image": "static/images/products/6128UXVN1-L._AC_SL1500_.jpg", "market_price": 800, "selling_price": 750, "description": "Lorem Ipsum is simply dummy text of the printing and typesetting industry. Lorem Ipsum has been the industry's standard dummy text ever since the 1500s, when an unknown printer took a galley of type and scrambled it to make a type specimen book. It has survived not only five centuries, but also the leap into electronic typesetting, remaining essentially unchanged. It was popularised in the 1960s with the release of Letraset sheets containing Lorem Ipsum passages, and more recently with desktop publishing software like Aldus PageMaker including versions of Lorem Ipsum."}}, {"model": "shop.product", "pk": 42, "fields": {"title": "OnePlus 9", "date": "2021-12-22", "category": 12, "image": "static/images/products/phone.jpg", "market_price": 400, "selling_price": 340, "description": "Lorem Ipsum is simply dummy text of the printing and typesetting industry. Lorem Ipsum has been the industry's standard dummy text ever since the 1500s, when an unknown printer took a galley of type and scrambled it to make a type specimen book. It has survived not only five centuries, but also the leap into electronic typesetting, remaining essentially unchanged. It was popularised in the 1960s with the release of Letraset sheets containing Lorem Ipsum passages, and more recently with desktop publishing software like Aldus PageMaker including versions of Lorem Ipsum."}}, {"model": "shop.product", "pk": 48, "fields": {"title": "Xiomi Note 5", "date": "2021-12-31", "category": 13, "image": "static/images/products/71GbORP-umL._AC_SL1500__uaEzrDi.jpg", "market_price": 120, "selling_price": 80, "description": "Lorem Ipsum is simply dummy text of the printing and typesetting industry. Lorem Ipsum has been the industry's standard dummy text ever since the 1500s, when an unknown printer took a galley of type and scrambled it to make a type specimen book. It has survived not only five centuries, but also the leap into electronic typesetting, remaining essentially unchanged. It was popularised in the 1960s with the release of Letraset sheets containing Lorem Ipsum passages, and more recently with desktop publishing software like Aldus PageMaker including versions of Lorem Ipsum."}}, {"model": "shop.cart", "pk": 1, "fields": {"customer": 2, "total": 300, "complete": true, "date": "2021-11-01"}}, {"model": "shop.cart", "pk": 11, "fields": {"customer": 2, "total": 1011, "complete": true, "date": "2021-11-23"}}, {"model": "shop.cart", "pk": 12, "fields": {"customer": 2, "total": 3810, "complete": true, "date": "2021-11-25"}}, {"model": "shop.cart", "pk": 13, "fields": {"customer": 2, "total": 270, "complete": true, "date": "2021-11-25"}}, {"model": "shop.cart", "pk": 15, "fields": {"customer": 2, "total": 1665, "complete": true, "date": "2021-11-25"}}, {"model": "shop.cart", "pk": 19, "fields": {"customer": 2, "total": 1597, "complete": false, "date": "2021-11-25"}}, {"model": "shop.cart", "pk": 22, "fields": {"customer": 3, "total": 1370, "complete": true, "date": "2021-12-25"}}, {"model": "shop.cart", "pk": 23, "fields": {"customer": 3, "total": 650, "complete": true, "date": "2021-12-25"}}, {"model": "shop.cart", "pk": 24, "fields": {"customer": 5, "total": 1370, "complete": true, "date": "2021-12-26"}}, {"model": "shop.cart", "pk": 25, "fields": {"customer": 5, "total": 246, "complete": true, "date": "2021-12-26"}}, {"model": "shop.cart", "pk": 26, "fields": {"customer": 4, "total": 1090, "complete": true, "date": "2021-12-28"}}, {"model": "shop.cart", "pk": 30, "fields": {"customer": 6, "total": 3360, "complete": false, "date": "2021-12-29"}}, {"model": "shop.cart", "pk": 31, "fields": {"customer": 7, "total": 2440, "complete": true, "date": "2021-12-29"}}, {"model": "shop.cart", "pk": 37, "fields": {"customer": 11, "total": 1840, "complete": true, "date": "2021-12-31"}}, {"model": "shop.cart", "pk": 39, "fields": {"customer": 12, "total": 3170, "complete": true, "date": "2021-12-31"}}, {"model": "shop.cart", "pk": 43, "fields": {"customer": 4, "total": 590, "complete": false, "date": "2022-01-07"}}, {"model": "shop.cart", "pk": 44, "fields": {"customer": 12, "total": 80, "complete": false, "date": "2022-01-16"}}, {"model": "shop.cartproduct", "pk": 1, "fields": {"cart": 1, "price": 100, "quantity": 2, "subtotal": 200, "product": [2]}}, {"model": "shop.cartproduct", "pk": 2, "fields": {"cart": 1, "price": 50, "quantity": 2, "subtotal": 100, "product": [7]}}, {"model": "shop.cartproduct", "pk": 60, "fields": {"cart": 11, "price": 280, "quantity": 1, "subtotal": 280, "product": [19]}}, {"model": "shop.cartproduct", "pk": 61, "fields": {"cart": 11, "price": 90, "quantity": 2, "subtotal": 180, "product": [14]}}, {"model": "shop.cartproduct", "pk": 62, "fields": {"cart": 11, "price": 180, "quantity": 1, "subtotal": 180, "product": [13]}}, {"model": "shop.cartproduct", "pk": 63, "fields": {"cart": 11, "price": 79, "quantity": 1, "subtotal": 79, "product": [8]}}, {"model": "shop.cartproduct", "pk": 64, "fields": {"cart": 11, "price": 167, "quantity": 1, "subtotal": 167, "product": [9]}}, {"model": "shop.cartproduct", "pk": 65, "fields": {"cart": 11, "price": 125, "quantity": 1, "subtotal": 125, "product": [12]}}, {"model": "shop.cartproduct", "pk": 66, "fields": {"cart": 12, "price": 750, "quantity": 3, "subtotal": 2250, "product": [21]}}, {"model": "shop.cartproduct", "pk": 67, "fields": {"cart": 12, "price": 500, "quantity": 2, "subtotal": 1000, "product": []}}, {"model": "shop.cartproduct", "pk": 68, "fields": {"cart": 12, "price": 280, "quantity": 2, "subtotal": 560, "product": [19]}}, {"model": "shop.cartproduct", "pk": 69, "fields": {"cart": 13, "price": 90, "quantity": 1, "subtotal": 90, "product": [14]}}, {"model": "shop.cartproduct", "pk": 70, "fields": {"cart": 13, "price": 180, "quantity": 1, "subtotal": 180, "product": [13]}}, {"model": "shop.cartproduct", "pk": 72, "fields": {"cart": 15, "price": 135, "quantity": 1, "subtotal": 135, "product": [4]}}, {"model": "shop.cartproduct", "pk": 73, "fields": {"cart": 15, "price": 280, "quantity": 1, "subtotal": 280, "product": [19]}}, {"model": "shop.cartproduct", "pk": 74, "fields": {"cart": 15, "price": 500, "quantity": 1, "subtotal": 500, "product": []}}, {"model": "shop.cartproduct", "pk": 75, "fields": {"cart": 15, "price": 750, "quantity": 1, "subtotal": 750, "product": [21]}}, {"model": "shop.cartproduct", "pk": 81, "fields": {"cart": 19, "price": 750, "quantity": 1, "subtotal": 750, "product": [21]}}, {"model": "shop.cartproduct", "pk": 82, "fields": {"cart": 19, "price": 500, "quantity": 1, "subtotal": 500, "product": [7]}}, {"model": "shop.cartproduct", "pk": 92, "fields": {"cart": 22, "price": 340, "quantity": 1, "subtotal": 340, "product": [42]}}, {"model": "shop.cartproduct", "pk": 93, "fields": {"cart": 22, "price": 750, "quantity": 1, "subtotal": 750, "product": [21]}}, {"model": "shop.cartproduct", "pk": 94, "fields": {"cart": 22, "price": 280, "quantity": 1, "subtotal": 280, "product": [19]}}, {"model": "shop.cartproduct", "pk": 95, "fields": {"cart": 23, "price": 200, "quantity": 1, "subtotal": 200, "product": [16]}}, {"model": "shop.cartproduct", "pk": 96, "fields": {"cart": 23, "price": 450, "quantity": 1, "subtotal": 450, "product": [17]}}, {"model": "shop.cartproduct", "pk": 97, "fields": {"cart": 24, "price": 340, "quantity": 1, "subtotal": 340, "product": [42]}}, {"model": "shop.cartproduct", "pk": 98, "fields": {"cart": 24, "price": 750, "quantity": 1, "subtotal": 750, "product": [21]}}, {"model": "shop.cartproduct", "pk": 99, "fields": {"cart": 24, "price": 280, "quantity": 1, "subtotal": 280, "product": [19]}}, {"model": "shop.cartproduct", "pk": 100, "fields": {"cart": 25, "price": 79, "quantity": 1, "subtotal": 79, "product": [8]}}, {"model": "shop.cartproduct", "pk": 101, "fields": {"cart": 25, "price": 167, "quantity": 1, "subtotal": 167, "product": [9]}}, {"model": "shop.cartproduct", "pk": 102, "fields": {"cart": 26, "price": 340, "quantity": 1, "subtotal": 340, "product": [42]}}, {"model": "shop.cartproduct", "pk": 103, "fields": {"cart": 26, "price": 750, "quantity": 1, "subtotal": 750, "product": [21]}}, {"model": "shop.cartproduct", "pk": 114, "fields": {"cart": 30, "price": 750, "quantity": 2, "subtotal": 1500, "product": [42]}}, {"model": "shop.cartproduct", "pk": 116, "fields": {"cart": 30, "price": 450, "quantity": 2, "subtotal": 900, "product": [17]}}, {"model": "shop.cartproduct", "pk": 117, "fields": {"cart": 30, "price": 200, "quantity": 2, "subtotal": 400, "product": [16]}}, {"model": "shop.cartproduct", "pk": 118, "fields": {"cart": 31, "price": 590, "quantity": 2, "subtotal": 1180, "product": [18]}}, {"model": "shop.cartproduct", "pk": 119, "fields": {"cart": 31, "price": 450, "quantity": 2, "subtotal": 900, "product": [17]}}, {"model": "shop.cartproduct", "pk": 121, "fields": {"cart": 31, "price": 90, "quantity": 2, "subtotal": 180, "product": [14]}}, {"model": "shop.cartproduct", "pk": 139, "fields": {"cart": 37, "price": 180, "quantity": 3, "subtotal": 540, "product": [13]}}, {"model": "shop.cartproduct", "pk": 140, "fields": {"cart": 37, "price": 200, "quantity": 2, "subtotal": 400, "product": [16]}}, {"model": "shop.cartproduct", "pk": 141, "fields": {"cart": 37, "price": 450, "quantity": 2, "subtotal": 900, "product": [17]}}, {"model": "shop.cartproduct", "pk": 145, "fields": {"cart": 39, "price": 180, "quantity": 2, "subtotal": 360, "product": [13]}}, {"model": "shop.cartproduct", "pk": 146, "fields": {"cart": 39, "price": 450, "quantity": 1, "subtotal": 450, "product": [17]}}, {"model": "shop.cartproduct", "pk": 147, "fields": {"cart": 39, "price": 590, "quantity": 4, "subtotal": 2360, "product": [18]}}, {"model": "shop.choice", "pk": 1, "fields": {"choice_name": "Order Received", "date": "2021-12-25"}}, {"model": "shop.choice", "pk": 2, "fields": {"choice_name": "Order Processing", "date": "2021-12-25"}}, {"model": "shop.choice", "pk": 3, "fields": {"choice_name": "On the way", "date": "2021-12-25"}}, {"model": "shop.choice", "pk": 4, "fields": {"choice_name": "Order Completed", "date": "2021-12-25"}}, {"model": "shop.choice", "pk": 5, "fields": {"choice_name": "Order Canceled", "date": "2021-12-25"}}, {"model": "shop.choice", "pk": 6, "fields": {"choice_name": "Order Pending", "date": "2021-12-25"}}, {"model": "shop.choice", "pk": 7, "fields": {"choice_name": "Delivered", "date": "2021-12-25"}}, {"model": "shop.order", "pk": 1, "fields": {"cart": 1, "address": "2/F/7, Paribag, Shahbag, Dhaka - 1205", "mobile": "01731460920", "email": "admin@gmail.com", "total": 300, "discount": 5, "order_list": 5, "date": "2021-11-01", "payment_complete": false}}, {"model": "shop.order", "pk": 2, "fields": {"cart": 11, "address": "Elephant Road", "mobile": "55464", "email": "test@test.com", "total": 1011, "discount": 3, "order_list": 5, "date": "2021-11-25", "payment_complete": false}}, {"model": "shop.order", "pk": 4, "fields": {"cart": 13, "address": "vcydfuygbv tf8u", "mobile": "45566265321", "email": "mail@mail.com", "total": 270, "discount": 3, "order_list": 6, "date": "2021-11-25", "payment_complete": false}}, {"model": "shop.order", "pk": 6, "fields": {"cart": 15, "address": "Elephant Road ", "mobile": "01765965", "email": "test@test.com", "total": 1665, "discount": 3, "order_list": 3, "date": "2021-11-25", "payment_complete": true}}, {"model": "shop.order", "pk": 11, "fields": {"cart": 22, "address": "Paribag, Shahbag", "mobile": "01512345678", "email": "yasir@gmail.com", "total": 1370, "discount": 0, "order_list": 2, "date": "2021-12-25", "payment_complete": true}}, {"model": "shop.order", "pk": 13, "fields": {"cart": 24, "address": "kamaluddin lane, Baridhara", "mobile": "01731450987", "email": "kamal@gmail.com", "total": 1370, "discount": 0, "order_list": 1, "date": "2021-12-26", "payment_complete": true}}, {"model": "shop.order", "pk": 14, "fields": {"cart": 25, "address": "2/F/7, Mymensingh Road, Paribag, Shahbag, Dhaks-1205", "mobile": "0123456789", "email": "testmail@gmail.com", "total": 246, "discount": 0, "order_list": 3, "date": "2021-12-26", "payment_complete": true}}, {"model": "shop.order", "pk": 16, "fields": {"cart": 26, "address": "Dhaka, Elephant Road", "mobile": "01712345678", "email": "yasirmamun18@gmail.com", "total": 1090, "discount": 0, "order_list": 6, "date": "2021-12-28", "payment_complete": false}}, {"model": "shop.order", "pk": 18, "fields": {"cart": 31, "address": "Elephant Road", "mobile": "01712345678", "email": "user2@gmail.com", "total": 2440, "discount": 0, "order_list": 1, "date": "2021-12-29", "payment_complete": false}}, {"model": "shop.order", "pk": 20, "fields": {"cart": 37, "address": "Elephant Road", "mobile": "01712345678", "email": "user3@gmail.com", "total": 1840, "discount": 0, "order_list": 6, "date": "2021-12-31", "payment_complete": false}}, {"model": "shop.order", "pk": 21, "fields": {"cart": 39, "address": "Bakshi Bazar Road", "mobile": "01912456834", "email": "user4@gmail.com", "total": 3170, "discount": 0, "order_list": 1, "date": "2021-12-31", "payment_complete": true}}]